
    {
        "star_name":[
            "TYC 4357-177-1"
        ],
        "ra_degrees":95.45736176,
        "dec_degrees":73.9140074269
    }

